feature,importance
target_lag_1,0.7714723096557018
target_lag_4,0.12373609808518325
target_lag_2,0.10479159225911475
