feature,importance
target_lag_1,0.6445323558713387
temp_mean,0.17338588865954824
temp_mean_lag_1,0.06708776113837482
temp_mean_lag_2,0.05307449332096744
target_lag_2,0.02674962544983695
target_lag_4,0.02456527572622613
holiday_count,0.010604599833707548
